Splunkbase_ID,App_Name,Folder_Name,Developed_By,Latest_Version,type,Cisco_App_Class,Support,Supported_Cisco_Products_Zipped,Deprecated,Replacement,Archived,Archive_Status,Sourcetypes
525,Cisco Security Suite,Splunk_CiscoSecuritySuite,Splunk Works,3.1.2,app,,not_supported,"Cisco Secure Email Gateway, Cisco Identity Services Engine (ISE), Cisco Secure Firewall (FTD/eStreamer/ASA), Cisco Secure Intrusion Prevention System (Cisco Secure IPS), Cisco Web Security Appliance (WSA)",No,,TRUE,archived_manually,cisco:asa|cisco:esa:textmail|cisco:fwsm|cisco:pix|cisco:wsa:squid
669,Cisco CDR Reporting and Analytics,cisco_cdr,Sideview LLC,8.3.1,app,,developer,Cisco Unified Communications Manager (CUCM),No,,FALSE,live,cisco_cdr_log|cube_cdr|cube_cdr_compact|cucm_audit|cucm_cdr|cucm_cmr|cucm_kiwi_syslog|cvp_log
1297,AppDynamics,appdynamics,Pranta Das,1.8.4,app,,not_supported,Cisco AppDynamics,No,3471,TRUE,archived,
1352,App for Cisco Network Data,cisco_ios,Mikael Bjerkeland,2.8.1,app,,not_supported,"Cisco Access Points (AP), Cisco Aggregation Services Routers (ASR), Cisco Carrier Routing System (CRS), Cisco Catalyst Switches, Cisco Catalyst Center, Cisco Integrated Services Routers (ISR), Cisco Nexus Switches (NEX), Cisco Wireless LAN Controller (WLC)",No,,FALSE,live,cisco:ios
1467,DEPRECATED Add-on for Cisco Network Data,TA-cisco_ios,Mikael Bjerkeland,2.8.2,addon,,not_supported,"Cisco Access Points (AP), Cisco Aggregation Services Routers (ASR), Cisco Carrier Routing System (CRS), Cisco Catalyst Switches, Cisco Catalyst Center, Cisco Integrated Services Routers (ISR), Cisco Nexus Switches (NEX), Cisco Wireless LAN Controller (WLC)",Yes,7538,FALSE,live,cisco:ios|cisco:telemetry|rfc5424_syslog|syslog
1589,Splunk for Cisco Identity Services (ISE),Splunk_CiscoISE,Jason Conger,2.1.4,app,,not_supported,Cisco Identity Services Engine (ISE),No,,FALSE,live,
1620,Splunk Add-on for Cisco ASA,Splunk_TA_cisco-asa,Splunk LLC,6.0.0,addon,Main Apps,splunk,Cisco Secure Firewall (FTD/eStreamer/ASA),No,,FALSE,live,cisco:*|cisco:asa|cisco:ftd|cisco_asa|syslog
1629,Cisco eStreamer Client for Splunk,eStreamer,Cisco Security,2.2.2,app,,not_supported,Cisco Secure Firewall (FTD/eStreamer/ASA),No,7404,TRUE,archived_manually,estreamer
1747,Splunk Add-on for Cisco WSA,Splunk_TA_cisco-wsa,Splunk LLC,5.0.0,addon,Main Apps,splunk,Cisco Web Security Appliance (WSA),No,,FALSE,live,cisco:wsa:l4tm|cisco:wsa:squid|cisco:wsa:squid:new|cisco:wsa:syslog|cisco:wsa:w3c|cisco:wsa:w3c:recommended
1761,Splunk Add-on for Cisco ESA,Splunk_TA_cisco-esa,Splunk LLC,1.7.0,addon,Main Apps,splunk,Cisco Secure Email Gateway,No,,FALSE,live,cisco:esa|cisco:esa:amp|cisco:esa:antispam|cisco:esa:authentication|cisco:esa:bounce|cisco:esa:cef|cisco:esa:content_scanner|cisco:esa:delivery|cisco:esa:error_logs|cisco:esa:http|cisco:esa:legacy|cisco:esa:system_logs|cisco:esa:textmail|cisco_esa
1808,Splunk Add-on for Cisco FireSIGHT,Splunk_TA_sourcefire,Splunk Works,3.3.2,addon,,not_supported,Cisco Secure Firewall (FTD/eStreamer/ASA),No,7404,TRUE,archived,cisco:sourcefire|cisco:sourcefire:appliance:syslog|cisco:sourcefire:defencecenter:syslog|estreamer|snort|sourcefire
1809,Splunk App for Stream,splunk_app_stream,Splunk LLC,8.1.5,app,Prerequisites,,,,,FALSE,live,
1811,Technology Add-on for Cisco Secure Access Control Server (ACS),TA-cisco_acs,Dave Shpritz,1.5.2,app,,not_supported,Cisco Secure Access Control Server (Cisco ACS),No,,TRUE,archived,cisco:acs
1896,Cisco ACI App for Splunk Enterprise (deprecated),cisco-app-ACI,Cisco Systems,5.1.0,app,,developer,Cisco Application Centric Infrastructure (Cisco ACI),Yes,7777,FALSE,live,
1897,Cisco ACI Add-on for Splunk Enterprise (deprecated),TA_cisco-ACI,Cisco Systems,5.1.0,addon,,developer,Cisco Application Centric Infrastructure (Cisco ACI),Yes,7777,FALSE,live,cisco:apic:authentication|cisco:apic:class|cisco:apic:cloud|cisco:apic:health|cisco:apic:stats|cisco:mso
1903,Splunk Add-on for Cisco IPS,Splunk_TA_cisco-ips,Splunk Works,2.1.6,addon,,not_supported,Cisco Secure Intrusion Prevention System (Cisco Secure IPS),Yes,,TRUE,archived_manually,cisco:ips:syslog|cisco_ips_syslog|sdee_connection
1915,Splunk Add-on for Cisco Identity Services,Splunk_TA_cisco-ise,Splunk LLC,5.0.0,addon,Main Apps,splunk,Cisco Identity Services Engine (ISE),No,,FALSE,live,cisco:ise|cisco:ise:syslog|syslog
1916,Cisco Nexus 9k App for Splunk Enterprise (deprecated),cisco-app-Nexus-9k,Cisco Systems,3.0.0,app,,developer,Cisco Nexus Switches (NEX),Yes,7777,TRUE,archived_manually,cisco:app:nexus:9k:collect
1917,Cisco Nexus 9k Add-on for Splunk Enterprise (deprecated),TA_cisco-Nexus-9k,Cisco Systems,3.0.0,addon,,developer,Cisco Nexus Switches (NEX),Yes,7777,TRUE,archived_manually,cisco:nexus:json|syslog|ta:cisco:nexus:9k:collect
2731,Splunk Add-on for Cisco UCS,Splunk_TA_cisco-ucs,Splunk LLC,4.3.1,addon,Main Apps,splunk,Cisco Unified Computing System (UCS),No,,FALSE,live,splunk_ta_cisco_ucs|splunk_ta_cisco_ucs_migration|splunk_ta_cisco_ucs_ta_util|splunk_ta_cisco_ucs_utility|splunk_ta_cisco_ucs_validation|ta_app_conf|ta_cisco_ucs_controller.log
2791,Cisco Cloud Web Security (CWS) Add-on for Splunk,Cisco_CWS_TA,Cisco Systems,1.1,addon,,not_supported,Cisco Cloud Web Security (CWS),No,,TRUE,archived,ciscocws
2992,Cisco Endpoint Security Analytics (CESA),CiscoNVM,Cisco Systems,4.0.8,app,,not_supported,Cisco Network Visibility Module (NVM),No,,FALSE,live,cisco:nvm:flowdata|cisco:nvm:processinfodata
2997,Cisco CallManager API - TA-ciscoaxl,TA-ciscoaxl,Dominique Vocat,0.4,addon,,not_supported,Cisco Unified Communications Manager (CUCM),No,4434,TRUE,archived,
3018,TA-meraki,TA-meraki,Myron Davis,1.1.5,addon,,developer,Cisco Meraki (Meraki),No,5580,TRUE,archived,meraki
3043,Cisco Cloudlock for Splunk,cloudlock,Yaron Caspy,1.0.19,app,,not_supported,Cisco Cloudlock Cloud Access Security Broker (CASB),No,,FALSE,live,incident
3194,DUO Log Add-on for Splunk,TA-DUOSecurity2FA,Brian Awood,1.2.2,addon,,not_supported,Cisco Duo Security (Duo),No,7404,TRUE,archived_manually,duo:authentication
3324,Cisco Umbrella Investigate Add-on,opendns_investigate,OpenDNS Cisco,0.10.1,addon,,not_supported,Cisco Umbrella,No,7569,TRUE,archived,opendns_investigate
3384,Cisco Spark Add-on for Splunk,splunk_app_spark_room,Alexandra Olteanu,1.24,addon,,not_supported,Cisco Webex (Webex),No,8365,TRUE,archived,
3385,Cisco Spark App for Splunk,splunk_spark_app,Alexandra Olteanu,1.3,app,,not_supported,Cisco Webex (Webex),No,8365,TRUE,archived,spark_room_log
3471,Cisco Splunk Add-on for AppDynamics,Splunk_TA_AppDynamics,Splunk Works,3.1.8,addon,,developer,Cisco AppDynamics (AppD),No,,FALSE,live,appdynamics_analytics|appdynamics_audit|appdynamics_custom_metrics|appdynamics_databases|appdynamics_events|appdynamics_hardware|appdynamics_licenses|appdynamics_security|appdynamics_snapshots|appdynamics_status
3472,Splunk App for AppDynamics,splunk_app_AppDynamics,Splunk Works,3.0.4,app,,not_supported,Cisco AppDynamics,No,3471,TRUE,archived,
3496,Cisco CMX Add-on for Splunk,TA-CMX,Crest Data Systems,1.4,addon,,not_supported,Cisco Connected Mobile Experiences (Cisco CMX),No,8485,TRUE,archived,cmxactive|cmxanalytics|cmxfloor|cmxhttp|cmxmap
3497,Cisco CMX App for Splunk,CMX,Crest Data Systems,1.3.4,app,,not_supported,Cisco Connected Mobile Experiences (Cisco CMX),No,8485,TRUE,archived,cmxactive|cmxhttp
3504,Duo Splunk Connector,duo_splunkapp,Duo Security,2.1.0,app,,developer,Cisco Duo Security (Duo),Yes,7404,FALSE,live,
3629,Umbrella Add-on for Splunk Enterprise,TA-Umbrella,Mikael Bjerkeland,1,addon,,not_supported,Cisco Umbrella,No,7569,TRUE,archived_manually,opendns:dnslog
3662,Cisco Secure eStreamer Client Add-On for Splunk,TA-eStreamer,Cisco Security,5.2.9,addon,,developer,Cisco Secure Firewall (FTD/eStreamer/ASA),No,7404,TRUE,archived,cisco:estreamer:data|cisco:estreamer:log|cisco:firepower:syslog
3663,Cisco Firepower eNcore App for Splunk,eStreamer-Dashboard,Cisco Security,3.5.3,app,,not_supported,Cisco Secure Firewall (FTD/eStreamer/ASA),No,4388,TRUE,archived_manually,cisco:estreamer:data
3670,Cisco Secure Endpoint (formerly AMP for endpoints),amp4e_events_input,Cisco Security,3.0.0,app,,not_supported,Cisco Secure Endpoint (CSE/AMP),No,7404,TRUE,archived,cisco:amp:event
3686,Cisco Secure Endpoint (formerly AMP for endpoints) CIM Add-On,TA-cisco-amp4e,Cisco AMPPortal,2.1.2,addon,,not_supported,Cisco Secure Endpoint (CSE/AMP),No,,FALSE,live,cisco:amp:event
3800,Firegen Log Analyzer for Cisco ASA,firegen_cisco_asa,Adrian Grigorof,1.2,app,,not_supported,Cisco Secure Firewall (FTD/eStreamer/ASA),No,,TRUE,archived,
3820,Cisco Network Assurance Engine Add-on for Splunk Enterprise (Cisco NAE),TA_cisco-candid,Cisco Systems,2.6.0,addon,,developer,Cisco Network Assurance Engine,No,7777,TRUE,archived,cisco:candid:events
3821,Cisco Network Assurance Engine App for Splunk Enterprise (Cisco NAE),cisco-app-candid,Cisco Systems,2.5.0,app,,developer,Cisco Network Assurance Engine,No,7777,TRUE,archived,
3827,Cisco StealthWatch Add-On,TA-cisco-stealthwatch,Nadhem AlFardan,1.0.0,addon,,not_supported,Cisco Secure Network Analytics (SNA),No,7404,TRUE,archived,cisco:stealthwatch:alert
3848,Technology Add-on for Cisco Stealthwatch Data Exporter,TA-stealthwatch_dataexporter,Discovered Intelligence,1,addon,,developer,Cisco Secure Network Analytics (SNA),No,7404,TRUE,archived,stealthwatch:fc:flow
3926,Cisco Umbrella Add-On for Splunk,TA-cisco_umbrella,Hurricane Labs,1.0.7,addon,,not_supported,Cisco Umbrella,No,7569,TRUE,archived,opendns:auditlogs|opendns:dnslogs|opendns:firewalllogs|opendns:iplogs|opendns:proxylogs|opendns:s3
3955,Cisco Firepower Threat Defense FTD sourcetype,TA-cisco-firepower-threat-defense-ftd-sourcetype,Juan Jose Ponce Dominguez,1.0.3,addon,,not_supported,Cisco Secure Firewall (FTD/eStreamer/ASA),No,7404,TRUE,archived,cisco:ftd
4010,Cisco Firepower Threat Defense FTD Dashboards,TA-cisco-firepower-threat-defense-ftd-dashboards,Juan Jose Ponce Dominguez,1.0.0,app,,not_supported,Cisco Secure Firewall (FTD/eStreamer/ASA),No,7404,TRUE,archived,
4015,Cisco openVuln API Query,SA-openVulnQuery,Nathan Worsham,1.1,addon,,not_supported,Cisco Product Security Incident Response Team (PSIRT),No,,TRUE,archived,
4221,Cisco Endpoint Security Analytics (CESA) Add-On for Splunk,TA-Cisco-NVM,Cisco Systems,4.0.7,addon,,not_supported,Cisco Network Visibility Module (NVM),No,,FALSE,live,cisco:nvm:eve|cisco:nvm:flowdata|cisco:nvm:ifdata|cisco:nvm:osquery|cisco:nvm:processinfodata|cisco:nvm:sysdata
4251,Cisco Threat Grid Add-On,TA-cisco-threat-grid,Cisco Security,1.1.0,addon,,developer,Cisco Threat Grid,No,7404,TRUE,archived,cisco:tg:data
4388,Cisco Secure Firewall App for Splunk,firepower_dashboard,Cisco Security,1.9.1,app,,developer,Cisco Secure Firewall (FTD/eStreamer/ASA),No,7404,FALSE,flagged,cisco:estreamer:data|cisco:firepower:syslog|default
4434,TA for Cisco CDR Reporting and Analytics,TA_cisco_cdr,Sideview LLC,8.3.1,addon,,developer,"Cisco Unified Communications Manager (CUCM), Cisco Webex (Webex)",No,,FALSE,live,cube_cdr|cube_cdr_compact|cube_syslog|cucm_audit|cucm_cdr|cucm_cmr
4640,Supporting App for AXL,SA_cisco_cdr_axl,Sideview LLC,1.2.7,app,,developer,Cisco Unified Communications Manager (CUCM),No,,FALSE,live,sa_cisco_cdr_axl_log
4761,Cisco SecureX threat response - Custom Search Command,TA-cisco-threat-response,Cisco Security,1.2.2,addon,,developer,Cisco SecureX,No,7404,TRUE,archived,cisco:tr:data|ta:cisco:threat:response:log
4785,Enosys Add-on for Cisco Firepower eStreamer,Splunk_TA_cisco-estreamer_Enosys,Simon Sigre,1.0.0,addon,,developer,Cisco Secure Firewall (FTD/eStreamer/ASA),No,7404,TRUE,archived,cisco:estreamer:data|cisco:estreamer:log|cisco:firepower:syslog
4817,Cisco Bug Search and Analytics,Cisco_Bug_Search_and_Analytics,Pavel Prostin,0.1.4,app,,developer,Cisco Bug Search Tool (BST),No,,FALSE,flagged,cisco:bugs:csv|cisco:bugs:json
4838,Meraki SNMP trap Add-on for Splunk,TA_Meraki_SNMP_trap,Laxmi Redij,1.0.0,addon,,developer,Cisco Meraki (Meraki),No,5580,TRUE,archived,meraki_syslog
4870,Cisco Webex Teams Alert Action,WebexTeams_AlertAction,Venkat Bongoni,1.0.3,addon,,not_supported,Cisco Webex,No,,TRUE,archived,
4991,Cisco WebEx Meetings Add-on for Splunk,ta-cisco-webex-meetings-add-on-for-splunk,Splunk Works,1.1.14,addon,,not_supported,Cisco Webex (Webex),Yes,8365,TRUE,archived,cisco:webex:meetings:general:summarysession|cisco:webex:meetings:history:eventattendeehistory|cisco:webex:meetings:history:eventsessionhistory|cisco:webex:meetings:history:meetingattendeehistory|cisco:webex:meetings:history:meetingusagehistory|cisco:webex:meetings:history:recordaccesshistory|cisco:webex:meetings:history:supportattendeehistory|cisco:webex:meetings:history:supportsessionhistory|cisco:webex:meetings:history:trainingattendeehistory|cisco:webex:meetings:history:trainingsessionhistory|taciscowebexmeetingsaddonforsplunk:log
4992,Cisco WebEx Meetings App for Splunk,cisco_webex_meetings_app_for_splunk,Splunk Works,1.0.3,app,,not_supported,Cisco Webex (Webex),No,8365,TRUE,archived,
5020,Add-on for Cisco Prime Infrastructure,TA-add-on-for-cisco-prime-infrastructure,Christopher Caldwell,2.1.2,addon,,developer,Cisco Prime Infrastructure (Cisco Prime),No,7858,TRUE,archived_manually,cisco:pi:data:accesspoints|cisco:pi:data:alarms|cisco:pi:data:clients|cisco:pi:data:clientsessions|cisco:pi:data:devices|cisco:pi:data:events|cisco:pi:data:inventorydetails|taaddonforciscoprimeinfrastructure:log
5116,MIME Decoder Add-on for Cisco ESA,Alef_TA_MIMEDecoder,Tomas Moser,1.0.9,addon,,developer,Cisco Secure Email Gateway,No,,FALSE,live,
5152,Technology Add-on for Webex Teams,TA-DP-webex-teams,Datapunctum AG,1.0.1,addon,,developer,Cisco Webex (Webex),No,8365,TRUE,archived,tadpwebexteams:log|webex:teams:adminaudit:events|webex:teams:events
5183,Cisco PSIRT openVuln API Add-on for Splunk,ti-cisco-vuln,Graham Morley,1.0.0,addon,,not_supported,Cisco Product Security Incident Response Team (PSIRT),No,,TRUE,archived,cisco:vuln:advisories|cisco:vuln:advisories:cvrf:note|cisco:vuln:advisories:cvrf:product|cisco:vuln:advisories:cvrf:summary|cisco:vuln:advisories:cvrf:vuln
5238,Splunk Add-on for Stream Forwarders,Splunk_TA_stream,Splunk LLC,8.1.5,addon,Prerequisites,,,,,FALSE,live,
5322,Cisco Firepower pcap Add-on,TA-cisco-firepower-pcap-add-on,D C,1.0.0,addon,,not_supported,Cisco Secure Firewall (FTD/eStreamer/ASA),No,,TRUE,archived,
5420,Cisco SecureX threat response - CESA Relay,tr-splunk-relay,Cisco Security,1.2.1,addon,,developer,Cisco Network Visibility Module (NVM),No,7404,TRUE,archived,trsplunkrelay:log
5470,Cisco DMP/APP Add-On for Splunk,TA-cisco_DP_PD,Agari Data,1.1.0,addon,,not_supported,Cisco Domain Protection,No,,TRUE,archived,cisco:app:messages|cisco:app:policy_events|cisco:app:status|cisco:dp:alerts|cisco:dp:failures|cisco:dp:status|cisco:dp:threatfeeds|ta:cisco:logs
5471,Cisco DMP/APP App for Splunk,Cisco_DP_PD,Agari Data,1.0.2,app,,not_supported,Cisco Domain Protection,No,,TRUE,archived,
5524,Cisco Web Security Appliance (WSA) Insight,Cisco_WSA_Insight,Pavel Prostin,0.0.11,app,,developer,Cisco Web Security Appliance (WSA),No,,FALSE,flagged,cisco:wsa:prox_track|cisco:wsa:shd|cisco:wsa:systemlogs
5543,Splunk TA CCX Unified Cisco Firepower eStreamer,Splunk_TA_CCX_Unified_Cisco_Firepower_eStreamer,CCX,1.1.3,addon,,not_supported,Cisco Secure Firewall (FTD/eStreamer/ASA),No,,FALSE,live,cisco:estreamer:data
5557,Cisco Cloud Security Umbrella Add-on for Splunk,TA-cisco-cloud-security-umbrella-addon,Cisco Systems,1.0.33,addon,,not_supported,Cisco Umbrella,No,7569,TRUE,archived_manually,cisco:umbrella:audit|cisco:umbrella:dlp|cisco:umbrella:dns|cisco:umbrella:firewall|cisco:umbrella:ip|cisco:umbrella:proxy
5558,Cisco Secure Access App for Splunk,cisco-cloud-security,"Cisco Systems, Inc.",1.0.53,app,Main Apps,cisco,"Cisco Cloudlock Cloud Access Security Broker (CASB), Cisco Secure Access (SSE), Cisco ThousandEyes (TE), Cisco Umbrella",No,,FALSE,live,cisco:cloud_security:appdiscovery|cisco:cloud_security:audit|cisco:cloud_security:cloudlock|cisco:cloud_security:dlp|cisco:cloud_security:dns|cisco:cloud_security:fileevent|cisco:cloud_security:firewall|cisco:cloud_security:intrusion|cisco:cloud_security:investigated|cisco:cloud_security:ip|cisco:cloud_security:privateapps|cisco:cloud_security:proxy|cisco:cloud_security:ravpn|cisco:cloud_security:ztna|cisco:cloud_security:ztnaenrollment|cisco:cloud_security:ztnaflow
5580,Cisco Meraki Add-on for Splunk,Splunk_TA_cisco_meraki,"Cisco Systems, Inc.",3.2.0,addon,Main Apps,cisco,Cisco Meraki (Meraki),No,,FALSE,live,cisco_meraki_log|meraki:accesspoints|meraki:airmarshal|meraki:apirequestshistory|meraki:apirequestsoverview|meraki:apirequestsresponsecodes|meraki:appliancesdwanstatistics|meraki:appliancesdwanstatuses|meraki:assurancealerts|meraki:audit|meraki:cameras|meraki:devices|meraki:devicesavailabilitieschangehistory|meraki:devicesuplinksaddressesbydevice|meraki:firmwareupgrades|meraki:licensescotermlicenses|meraki:licensesoverview|meraki:licensessubscriptionentitlements|meraki:licensessubscriptions|meraki:organizations|meraki:organizationsecurity|meraki:organizationsnetworks|meraki:portstransceiversreadingshistorybyswitch|meraki:powermodulesstatusesbydevice|meraki:securityappliances|meraki:sensorreadingshistory|meraki:summaryswitchpowerhistory|meraki:summarytopappliancesbyutilization|meraki:summarytopclientsbyusage|meraki:summarytopdevicesbyusage|meraki:summarytopswitchesbyenergyusage|meraki:switches|meraki:switchportsbyswitch|meraki:switchportsoverview|meraki:webhook|meraki:webhooklogs:api|meraki:wirelesscontrolleravailabilitieschangehistory|meraki:wirelesscontrollerdevicesinterfacespacketsoverviewbydevice|meraki:wirelesscontrollerdevicesinterfacesusagehistorybyinterval|meraki:wirelessdevicesethernetstatuses|meraki:wirelessdevicespacketlossbydevice|meraki:wirelessdeviceswirelesscontrollersbydevice
5605,Cisco SecureX threat response - Relay module,relay-module,Cisco Security,1.1.1,app,,developer,Cisco SecureX,No,7404,TRUE,archived,
5737,Cisco ThousandEyes Alerting App for Splunk,cisco_thousandeyes_alerting_app_for_splunk,Splunk Developer,1.0.1,app,,not_supported,Cisco ThousandEyes (TE),No,7719,TRUE,archived,snmptrap|snow:incident|thousandeyes:alerts|thousandeyes:enriched_alerts
5743,Cisco Suite for Splunk,Cisco-suite-for-splunk,Prewin Thomas,1.1.1,app,,not_supported,"Cisco Secure Firewall (FTD/eStreamer/ASA), Cisco Identity Services Engine (ISE), Cisco Secure Email Gateway, Cisco Web Security Appliance (WSA)",No,,FALSE,live,
5747,Cisco Cyber Vision Splunk App,cisco_cybervision_app_for_splunk,Cyber Vision,2.2.0,app,,developer,Cisco Cyber Vision (CCV),No,,FALSE,live,cisco:cybervision:events
5748,Cisco Cyber Vision Splunk Add On,TA-cisco_cybervision,Cyber Vision,2.2.0,addon,,developer,Cisco Cyber Vision (CCV),No,,FALSE,live,cisco:cybervision:activities|cisco:cybervision:components|cisco:cybervision:devices|cisco:cybervision:events|cisco:cybervision:flows|cisco:cybervision:syslog|cisco:cybervision:vulnerabilities|taciscocybervision:log
5779,Cisco ESA,7bf76da9-f31c-448b-906b-7c6de9d3cc70,Splunk,3.0.2,connector,SOAR,splunk,Cisco Secure Email Gateway,No,,FALSE,live,
5780,Cisco Umbrella Investigate,5fc14867-8c8e-4cc2-8198-641df784bf1a,Splunk,1.2.2,connector,SOAR,splunk,Cisco Umbrella,No,,FALSE,live,
5781,Cisco Webex,34624d1a-f0ae-47d6-a731-8499d5617cf7,Splunk,2.2.0,connector,SOAR,splunk,Cisco Webex,No,,FALSE,live,
5885,Cisco ISE,85232924-4776-4896-88fa-b982b304af7c,Splunk,3.2.1,connector,SOAR,splunk,Cisco Identity Services Engine (ISE),No,,FALSE,live,
5887,Cisco Umbrella,96f3e021-5396-42d0-97f4-4fab683e9adb,Splunk,1.2.4,connector,SOAR,splunk,Cisco Umbrella,No,,FALSE,live,
5897,FireAMP,897890aa-14f5-4d6c-b68c-e557ff30d251,Splunk,2.1.14,connector,SOAR,splunk,Cisco Secure Endpoint (CSE/AMP),No,,FALSE,live,
5995,Cisco Firepower,F501CF42-46D4-4023-A156-208640865AA8,Splunk,2.0.4,connector,SOAR,splunk,Cisco Secure Firewall (FTD/eStreamer/ASA),No,,FALSE,live,
6117,Cisco Nexus Dashboard Insights App for Splunk (deprecated),cisco-app-NI,Cisco Systems,1.1.0,app,,developer,Cisco Nexus Switches (NEX),Yes,7777,TRUE,archived_manually,
6118,Cisco Nexus Dashboard Insights Add-On for Splunk (deprecated),TA_cisco-NI,Cisco Systems,1.1.0,addon,,developer,Cisco Nexus Switches (NEX),Yes,7777,TRUE,archived_manually,cisco:ni:advisories|cisco:ni:anomalies|tacisconi:log
6145,Cisco Secure Malware Analytics (Threat Grid),e52c6b70-2972-47e2-ad80-c131f9604ff4,Splunk,2.4.4,connector,SOAR,splunk,Cisco Secure Malware Analytics (SMA),No,,FALSE,live,
6201,Add On for Cisco Meraki Operations,TA-cisco_meraki_operations,Summit Technology Group,2.0.0,addon,,developer,Cisco Meraki (Meraki),No,5580,TRUE,archived,meraki:devices|meraki:networkdevices|meraki:uplinks|meraki:uplinkslossandlatency
6398,Cisco Secure Network Analytics (Stealthwatch) App for Splunk Enterprise,cisco_sna_app,Cisco Systems,2.0.4,app,,not_supported,Cisco Secure Network Analytics (SNA),No,,FALSE,live,
6460,Splunk TA CCX Cisco ISE,Splunk_TA_CCX_Cisco_ISE,CCX,1.0.4,addon,community_alternative,not_supported,Cisco Identity Services Engine (ISE),No,,FALSE,live,cisco:ise:syslog
6481,Splunk TA CCX Cisco Secure Endpoint,Splunk_TA_CCX_Cisco_Secure_Endpoint,CCX,1.0.4,addon,community_alternative,not_supported,Cisco Secure Endpoint (CSE/AMP),No,,FALSE,live,cisco:amp:event
6482,Cisco Intersight Add-on for Splunk (Deprecated),TA-intersight-addon,Karthik Karupasamy,1.3.1,addon,,not_supported,Cisco Intersight (Intersight),Yes,7828,TRUE,archived,cisco:intersight:aaaauditrecords|cisco:intersight:assetdevicecontractinformations|cisco:intersight:assettargets|cisco:intersight:computephysicalsummaries|cisco:intersight:condalarms|cisco:intersight:condhclstatuses|cisco:intersight:convergedinfrapods|cisco:intersight:default|cisco:intersight:equipmentchassis|cisco:intersight:hyperflexclusters|cisco:intersight:hyperflexlicenses|cisco:intersight:hyperflexnodes|cisco:intersight:hyperflexstoragecontainers|cisco:intersight:licenseaccountlicensedata|cisco:intersight:licenselicenseinfos|cisco:intersight:networkelementsummaries|cisco:intersight:storagehitachiarrays|cisco:intersight:storagehitachicontrollers|cisco:intersight:storagehitachivolumes|cisco:intersight:storagenetappclusters|cisco:intersight:storagenetappnodes|cisco:intersight:storagenetappstoragevms|cisco:intersight:storagenetappvolumes|cisco:intersight:storagepurearrays|cisco:intersight:storagepurecontrollers|cisco:intersight:storagepurevolumes|cisco:intersight:tamadvisoryinstances|taintersightaddon:log
6544,Splunk TA CCX DUO Connector Support,Splunk_TA_CCX_DUO_Connector_Support,CCX,2.0.0,addon,community_alternative,not_supported,Cisco Duo Security (Duo),No,,FALSE,live,duo:authentication
6656,DEPRECATED - Cisco Catalyst SD-WAN Add-on for Splunk,ta-cisco-sdwan,"Cisco Systems, Inc.",3.0.0,addon,,cisco,Cisco Catalyst SD-WAN,Yes,7538,TRUE,archived,cisco:firewall:logs|cisco:sdwan:alert:off|cisco:sdwan:alert:on|cisco:sdwan:block:host|cisco:sdwan:dmi:cli:engine:write:fail|cisco:sdwan:drop:pkt|cisco:sdwan:host:tcp:alert:on|cisco:sdwan:log:summary|cisco:sdwan:pass:pkt|cisco:sdwan:session:audit:trail|cisco:sdwan:session:audit:trail:start|cisco:sdwan:sessions:maximum|cisco:sdwan:smart:lic:platform:error|cisco:sdwan:unblock:host|cisco:sdwan:utd:logs|stream:netflow
6657,DEPRECATED - Cisco Catalyst SD-WAN App for Splunk,cisco-sdwan-app,"Cisco Systems, Inc.",3.1.1,app,Main Apps,cisco,Cisco Catalyst SD-WAN,Yes,7539,FALSE,live,
6668,Cisco DNA Center Add-on,Splunk-TA-cisco-dnacenter,Cisco EN Programmability,1.0.7,addon,,developer,Cisco Catalyst Center,No,7858,FALSE,flagged,cisco:dnac:clienthealth|cisco:dnac:compliance|cisco:dnac:devicehealth|cisco:dnac:issue|cisco:dnac:networkhealth|cisco:dnac:securityadvisory|splunktaciscodnacenter:log
6669,Cisco DNA Center App,Splunk_CiscoDNACenter,"Cisco Systems, Inc.",1.0.3,app,,cisco,Cisco Catalyst Center,No,7859,TRUE,archived,
6872,Cisco Catalyst Enhanced Netflow Add-on for Splunk,splunk_app_stream_ipfix_cisco_hsl,"Cisco Systems, Inc.",2.1.0,addon,Main Apps,cisco,Cisco Catalyst Center,No,,FALSE,live,
7092,Splunk TA CCX Cisco Secure Network Analytics,Splunk_TA_CCX_Cisco_Secure_Network_Analytics,CCX,1.0.5,addon,community_alternative,not_supported,Cisco Secure Network Analytics (SNA),No,,TRUE,archived,cisco:stealthwatch:alert
7219,Cisco Secure Malware Analytics,TA-cisco-secure-malware-analytics,Cisco Security,2.0.0,addon,,developer,Cisco Secure Malware Analytics (SMA),No,7404,FALSE,flagged,
7243,Cisco Email Threat Defense connector for Splunk - DISCONTINUED (use app 7404),TA-cisco-etd-connector,Sergio Pinto,1.0.4,addon,,not_supported,Cisco Email Threat Defense (ETD),No,7404,TRUE,archived_manually,etd_input_python|taciscoetdconnector:log
7365,Splunk TA CCX Cisco Meraki,Splunk_TA_CCX_Cisco_Meraki,CCX,1.0.4,addon,community_alternative,not_supported,Cisco Meraki (Meraki),No,,FALSE,live,meraki:syslog
7404,Cisco Security Cloud,CiscoSecurityCloud,"Cisco Systems, Inc.",3.6.1,addon,Main Security App,cisco,"Cisco AI Defense, Cisco Duo Security (Duo), Cisco Email Threat Defense (ETD), Cisco Extended Detection and Response (XDR), Cisco Identity Intelligence (CII), Cisco Isovalent (Isovalent), Cisco Isovalent Edge Processor (IEP), Cisco Multicloud Defense (MCD), Cisco Network Visibility Module (NVM), Cisco Secure Endpoint (CSE/AMP), Cisco Secure Firewall (FTD/eStreamer/ASA), Cisco Secure Malware Analytics (SMA), Cisco Secure Network Analytics (SNA), Cisco Secure Workload (CSW), Cisco Vulnerability Intelligence (CVI)",No,,FALSE,live,cisco:ai:defense|cisco:ai:defense:notable|cisco:asa|cisco:cii|cisco:cvi|cisco:duo:authentication|cisco:duo:authentication_v2|cisco:etd|cisco:ftd:syslog|cisco:isovalent|cisco:isovalent:alert|cisco:isovalent:edge_processor|cisco:isovalent:edge_processor:alert|cisco:isovalent:edge_processor:processconnect|cisco:isovalent:edge_processor:processexec|cisco:isovalent:edge_processor:telemetry:network|cisco:isovalent:edge_processor:telemetry:process|cisco:isovalent:processconnect|cisco:isovalent:processexec|cisco:isovalent:telemetry:network|cisco:isovalent:telemetry:process|cisco:multicloud:defense:appid|cisco:multicloud:defense:auditlogs|cisco:multicloud:defense:av|cisco:multicloud:defense:dlp|cisco:multicloud:defense:dpi|cisco:multicloud:defense:fqdn_resoleve|cisco:multicloud:defense:fqdnfilter|cisco:multicloud:defense:l4_fw|cisco:multicloud:defense:l7dos|cisco:multicloud:defense:malicious_src|cisco:multicloud:defense:session_summary|cisco:multicloud:defense:sni|cisco:multicloud:defense:systemlogs|cisco:multicloud:defense:tls_error|cisco:multicloud:defense:tls_log|cisco:multicloud:defense:urlfilter|cisco:multicloud:defense:valtix_internal|cisco:multicloud:defense:waf|cisco:nvm:eve:v2|cisco:nvm:flowdata:v2|cisco:nvm:ifdata:v2|cisco:nvm:osquery:v2|cisco:nvm:processinfodata:v2|cisco:nvm:sysdata:v2|cisco:sbg:api:error|cisco:sbg:api:status|cisco:sbg:data|cisco:se|cisco:secure:workload|cisco:sfw:estreamer|cisco:sma:submissions|cisco:sna|cisco:sna:notable|cisco:sna:risk|cisco:xdr:incidents|cisco:xdr:incidents-summary|cisco:xdr:incidents-summary:notable|gateway
7538,Cisco Catalyst Add-on for Splunk,TA_cisco_catalyst,"Cisco Systems, Inc.",3.0.0,addon,Main Network App,cisco,"Cisco Access Points (AP), Cisco Aggregation Services Routers (ASR), Cisco Carrier Routing System (CRS), Cisco Catalyst Center, Cisco Catalyst SD-WAN, Cisco Catalyst Switches, Cisco Cyber Vision (CCV), Cisco Identity Services Engine (ISE), Cisco Integrated Services Routers (ISR), Cisco Meraki (Meraki), Cisco Nexus Switches (NEX), Cisco ThousandEyes (TE), Cisco Wireless LAN Controller (WLC)",No,,FALSE,live,cisco:catalyst:syslog|cisco:cybervision:activities|cisco:cybervision:components|cisco:cybervision:devices|cisco:cybervision:events|cisco:cybervision:flows|cisco:cybervision:syslog|cisco:cybervision:vulnerabilities|cisco:dnac:audit:logs|cisco:dnac:client|cisco:dnac:clienthealth|cisco:dnac:compliance|cisco:dnac:devicehealth|cisco:dnac:issue|cisco:dnac:networkhealth|cisco:dnac:securityadvisory|cisco:dnac:site:topology|cisco:firewall:logs|cisco:ios|cisco:ise|cisco:ise:radius:authz:policy|cisco:ise:radius:policyset|cisco:ise:securitygroups|cisco:ise:sgtbindings|cisco:ise:syslog|cisco:ise:tacacs:authz:policy|cisco:ise:tacacs:policyset|cisco:sdwan:acl:logs|cisco:sdwan:alert:off|cisco:sdwan:alert:on|cisco:sdwan:audit:logs|cisco:sdwan:block:host|cisco:sdwan:dmi:cli:engine:write:fail|cisco:sdwan:drop:pkt|cisco:sdwan:host:tcp:alert:on|cisco:sdwan:linkhealth|cisco:sdwan:log:summary|cisco:sdwan:pass:pkt|cisco:sdwan:session:audit:trail|cisco:sdwan:session:audit:trail:start|cisco:sdwan:sessions:maximum|cisco:sdwan:sgacl:logs|cisco:sdwan:sitehealth|cisco:sdwan:smart:lic:platform:error|cisco:sdwan:ssetunnels|cisco:sdwan:system:logs|cisco:sdwan:tunnelhealth|cisco:sdwan:unblock:host|cisco:sdwan:utd:logs|cisco:sdwan:utdhealth|cisco:sgacl:logs|cisco:telemetry|rfc5424_syslog|splunktaciscocybervision:log|splunktaciscodnacenter:log|splunktaciscoise:log|splunktaciscosdwan:log|stream:netflow|syslog
7539,Cisco Enterprise Networking for Splunk Platform,cisco-catalyst-app,"Cisco Systems, Inc.",3.0.0,app,Main Network App,cisco,"Cisco Cyber Vision (CCV), Cisco Catalyst Center, Cisco Identity Services Engine (ISE), Cisco Meraki (Meraki), Cisco Catalyst SD-WAN, Cisco ThousandEyes (TE)",No,,FALSE,live,
7548,Custom Alert for Cisco ISE MAC Block,splunk_cisco_ise_alert,WIMBO PRABA CANDRA SUCI,1.0.4,addon,,not_supported,Cisco Identity Services Engine (ISE),No,,FALSE,live,
7557,Cisco Talos Intelligence for Enterprise Security Cloud,Splunk_TA_Talos_Intelligence,Splunk LLC,1.0.1,app,Main Apps,splunk,Cisco Talos (Talos),No,,FALSE,live,
7569,Cisco Secure Access Add-on for Splunk,TA-cisco-cloud-security-addon,"Cisco Systems, Inc.",1.0.48,addon,Main Apps,cisco,"Cisco Cloudlock Cloud Access Security Broker (CASB), Cisco Secure Access (SSE), Cisco Umbrella",No,,FALSE,live,cisco:cloud_security:audit|cisco:cloud_security:dlp|cisco:cloud_security:dns|cisco:cloud_security:fileevent|cisco:cloud_security:firewall|cisco:cloud_security:intrusion|cisco:cloud_security:proxy|cisco:cloud_security:ravpn|cisco:cloud_security:ztna|cisco:cloud_security:ztnaenrollment|cisco:cloud_security:ztnaflow
7711,Cisco Talos Intelligence,7c653487-22c8-4ec1-bca0-16a8b1513c86,Splunk,1.0.14,connector,SOAR,splunk,Cisco Talos (Talos),No,,FALSE,live,
7719,Cisco ThousandEyes App for Splunk,ta_cisco_thousandeyes,"Cisco Systems, Inc.",0.5.0,app,Main Apps,cisco,Cisco ThousandEyes (TE),No,,FALSE,live,cisco:thousandeyes:activity|cisco:thousandeyes:alerts|cisco:thousandeyes:event|cisco:thousandeyes:metric|cisco:thousandeyes:path-vis|cisco:thousandeyes:trace|ciscothousandeyes:log
7745,Cisco Secure Firewall,268cecc2-a5ea-438b-96f8-3ab1d8443d93,Splunk,1.0.2,connector,SOAR,splunk,Cisco Secure Firewall (FTD/eStreamer/ASA),No,,FALSE,live,
7770,Cisco Secure Email and Web Manager,aace5ad3-282e-4779-87a1-75762f83f5c9,Splunk,1.0.4,connector,SOAR,splunk,"Cisco Secure Email Gateway, Cisco Web Security Appliance",No,,FALSE,live,
7777,Cisco DC Networking,cisco_dc_networking_app_for_splunk,"Cisco Systems, Inc.",1.2.0,app,Main Apps,cisco,"Cisco Nexus Switches (NEX), Cisco Application Centric Infrastructure (Cisco ACI), Cisco Nexus Dashboard (ND), Cisco Nexus HyperFabric",No,,FALSE,live,cisco:dc:aci:authentication|cisco:dc:aci:class|cisco:dc:aci:health|cisco:dc:aci:stats|cisco:dc:aci:syslog|cisco:dc:mso:syslog|cisco:dc:nd:advisories|cisco:dc:nd:anomalies|cisco:dc:nd:congestion|cisco:dc:nd:endpoints|cisco:dc:nd:fabrics|cisco:dc:nd:flows|cisco:dc:nd:mso|cisco:dc:nd:protocols|cisco:dc:nd:switches|cisco:dc:nd:syslog|cisco:dc:nexus9k|cisco:dc:nexus9k:syslog|ciscodcaci:log|ciscodcn9k:log|ciscodcnd:log
7828,Cisco Intersight Add-on for Splunk,Splunk_TA_Cisco_Intersight,"Cisco Systems, Inc.",3.1.0,addon,Main Apps,cisco,Cisco Intersight (Intersight),No,,FALSE,live,cisco:intersight:advisories|cisco:intersight:alarms|cisco:intersight:auditrecords|cisco:intersight:compute|cisco:intersight:contract|cisco:intersight:contracts|cisco:intersight:custom:inventory|cisco:intersight:custom:metrics|cisco:intersight:fabric|cisco:intersight:license|cisco:intersight:licenses|cisco:intersight:metrics|cisco:intersight:network|cisco:intersight:networkelements|cisco:intersight:networkobjects|cisco:intersight:pools|cisco:intersight:profiles|cisco:intersight:target|cisco:intersight:targets
7858,Catalyst Center Add-on,Splunk-TA-cisco-catalyst-center,Cisco EN Programmability,1.0.1,addon,,developer,Cisco Catalyst Center,No,,FALSE,live,cisco:catalyst:client|cisco:catalyst:clienthealth|cisco:catalyst:compliance|cisco:catalyst:devicehealth|cisco:catalyst:issue|cisco:catalyst:networkhealth|cisco:catalyst:securityadvisory|splunktaciscocatalystcenter:log
7859,Catalyst Center App,Splunk-cisco-catalyst-center,Cisco EN Programmability,1.0.0,app,,developer,Cisco Catalyst Center,No,,FALSE,live,
7960,Cisco Meraki,c6d3d4d5-5c2f-4f0d-a1b2-c3d4e5f6a7b8,Splunk,1.0.1,connector,SOAR,splunk,Cisco Meraki,No,,FALSE,live,
8085,Cisco Umbrella v2,1f90d598-9e22-4121-99a7-e05f7a01bb26,Splunk,1.0.0,connector,SOAR,splunk,Cisco Umbrella,No,,FALSE,live,
8358,Webex Alert Action,webex_alert,alexandre argeris,1.0.0,app,,not_supported,Cisco Webex,No,,FALSE,live,
8365,Webex Add-on for Splunk,ta_cisco_webex_add_on_for_splunk,Yuan Ling,1.3.1,addon,,developer,Cisco Webex (Webex),No,,FALSE,live,cisco:webex:admin:audit:events|cisco:webex:call:detailed_history|cisco:webex:meeting:attendee:reports|cisco:webex:meeting:qualities|cisco:webex:meeting:usage:reports|cisco:webex:meetings|cisco:webex:security:audit:events|taciscowebexaddonforsplunk:log
8413,Supporting App for Cisco Meeting Server,SA_cisco_meeting_server,Nick Mealy,0.5.2,app,,developer,Cisco Meeting Server (CMS),No,,FALSE,live,cms_cdr
8429,Sideview Supporting App for Webex,SA_sideview_webex,Nick Mealy,0.5.0,app,,developer,Cisco Webex (Webex),No,,FALSE,live,
8485,Spaces Add-On for Splunk,ta_cisco_spaces,Tjene,1.0.7,addon,,developer,"Cisco Connected Mobile Experiences (Cisco CMX), Cisco Spaces",No,,FALSE,live,
,,,,,,,,,,,,,